slug,title,title_roman,title_english,lang,date,tags,audio,image,note,poem,translation_en,translit
nodir-kache,নদীর কাছে,Nodir Kache,By the River,bn,2026-04-18,"প্রকৃতি, স্মৃতি",,,,"সন্ধ্যা নামে ধীরে নদীর বুকে
জলের ভাঁজে লুকোনো পুরোনো সুর

আমি বসে থাকি ঘাটের সিঁড়িতে
স্মৃতিরা ভাসে, চলে যায় বহুদূর","Evening comes down slowly on the river's breast,
an old tune hidden in the folds of the water.

I sit on the steps of the ghat
while memories drift, and travel far away.",
lautna,लौटना,Lautna,Returning,hi,2025-08-30,"ঘরে ফেরা, স্মৃতি",,,,"शाम की गली में एक दीया जलता है
किसी के लौटने की आस लिये

मैं भी चलता हूँ उसी रास्ते पर
अपने ही पैरों के निशान लिये","In the evening lane a small lamp burns,
holding the hope that someone will return.

I walk that same road myself,
carrying the prints of my own feet.",
